{"train_losses": [0.05672776439749729, 0.03379430674774404, 0.026323970185589195, 0.023404365556787696, 0.021599962744892825, 0.02155497921863124, 0.020298758131986387, 0.017854465766358817, 0.016275260676120385, 0.015354298956105896, 0.0167319378598104, 0.014784842939309715, 0.01465260615466271, 0.01545400818379659, 0.015104605498713557, 0.013812508384005351, 0.014095152856368556, 0.013406465727399727, 0.013744087876681708, 0.014560081431748237, 0.014063795712691275, 0.014276771278848117, 0.014145676020392224, 0.01339047426454394, 0.01339232414407907, 0.013241054968084956, 0.013811667912752294, 0.013192934299308522, 0.014714907490131723, 0.013585808815021052, 0.01364133252940419, 0.014103192952833951, 0.015088803947010027, 0.014422685451333675, 0.012608745400522736, 0.01374930382652002, 0.013177772548933939, 0.014304546137612673, 0.013271340024219593, 0.015068833883649175, 0.013801236794838445, 0.014200545976120771, 0.01487899904383045, 0.014570837734375562, 0.012333480845028517, 0.014027757344914031, 0.013340618587691892, 0.014046625065559466, 0.013571293515725847, 0.013675411137074748, 0.012562284638160174, 0.013754293584739712, 0.013757976369070687, 0.013408018217701524, 0.014549496287500257, 0.012867418423495229, 0.013374660090231697, 0.0143528836454555, 0.013580669844981881, 0.013912750807276766, 0.014268604298470803, 0.014398345257788991, 0.013667091064665154, 0.013632445955459536, 0.013526203688794196, 0.013410011946354168, 0.014272863542278531, 0.01390454846166756, 0.013614548860035564, 0.013373624921912805, 0.012895429860836256, 0.013486964645976068, 0.013085998828336358, 0.013435752791848918, 0.013956335049673143, 0.01383733405700038, 0.013687979141566057, 0.013850428459549743, 0.013180542191441671, 0.014147346542572563, 0.013658363393538287, 0.013482963617459674, 0.013662900859090813, 0.014144067848560067, 0.012883432023584728, 0.01362768238409162, 0.014549478650169348, 0.014683435603699772, 0.013655370462421263, 0.013932220003807765, 0.012956238029404321, 0.01378147196327351, 0.014214031240990433, 0.013920970432703418, 0.013330641726385838, 0.013226757284852075, 0.013816511381229222, 0.013617757424206895, 0.01314453762537077, 0.013141067318441925], "test_losses": [1.3860341564478664, 0.8317094136336943, 0.655464952066779, 0.5830634234619689, 0.5438928868590603, 0.5167862800017275, 0.48993724878217193, 0.45541039641210074, 0.41791922570952833, 0.39076542264173525, 0.3760503613016427, 0.3679582409880059, 0.3629074925681909, 0.35974413147929074, 0.3574109214500441, 0.3556178317084117, 0.354264794412097, 0.3529775513291969, 0.35191217698848026, 0.35094259937203853, 0.3501733399865647, 0.3494423650495913, 0.3487934498301089, 0.3482556577321435, 0.347853677539168, 0.34715573383365317, 0.34669799869611945, 0.34636085039041625, 0.3458537600758132, 0.3455015466723088, 0.3450820410978085, 0.34461449911807185, 0.3442309469518491, 0.3438419787569528, 0.34355770439023936, 0.3432896212792061, 0.3430746944522293, 0.34284836613952696, 0.34265956418947463, 0.34238825991549554, 0.3420339112461414, 0.34185346659756743, 0.3416962999700356, 0.341443997703526, 0.34131796383468754, 0.3412170018226156, 0.3408792352664951, 0.340744521199551, 0.3404744605957432, 0.3403877094531014, 0.3400480983277124, 0.3398929395291642, 0.3399012377026824, 0.3397425919418448, 0.33950984239177834, 0.339592550877036, 0.33939432963890975, 0.3391686014435418, 0.33922481464885856, 0.3389484537854762, 0.33897207639706267, 0.33886104077100754, 0.33869018872826817, 0.3385798273583063, 0.33845306308469325, 0.3383417114596373, 0.3383071060439599, 0.33809803808090094, 0.33806701129396527, 0.3380062266402495, 0.33794007222010247, 0.33770714162521764, 0.3377385785182317, 0.33769052060975224, 0.3375166803503067, 0.33744309535601624, 0.33736970407682126, 0.33724791897902945, 0.33732765527848474, 0.3370800504624195, 0.3370430848095864, 0.3369039239425043, 0.33680627651402983, 0.33678275270963126, 0.33671490225990997, 0.3366169777632675, 0.3365504136851256, 0.33643703749945586, 0.3365103345333348, 0.3364458100027712, 0.3362139868749614, 0.33614241813743867, 0.33607910975804334, 0.33604612047483123, 0.33598222897667496, 0.3359799757838173, 0.3358248687865867, 0.33577418454606334, 0.33560294118338646, 0.33562312090694335]}